raw_date_text,original_date_string,start_date,end_date,scheduled
March 20 Meeting - 1940,March 20 1940,1940-03-20,1940-03-20,True
May 27-28 Meeting - 1940,May 27-28 1940,1940-05-27,1940-05-28,True
September 27 Meeting - 1940,September 27 1940,1940-09-27,1940-09-27,True
December 18 Meeting - 1940,December 18 1940,1940-12-18,1940-12-18,True
March 17 Meeting - 1941,March 17 1941,1941-03-17,1941-03-17,True
June 10 Meeting - 1941,June 10 1941,1941-06-10,1941-06-10,True
September 27 Meeting - 1941,September 27 1941,1941-09-27,1941-09-27,True
December 12 Meeting - 1941,December 12 1941,1941-12-12,1941-12-12,True
February 28 Meeting - 1942,February 28 1942,1942-02-28,1942-02-28,True
March 2 Meeting - 1942,March 2 1942,1942-03-02,1942-03-02,True
May 8 Meeting - 1942,May 8 1942,1942-05-08,1942-05-08,True
June 22 Meeting - 1942,June 22 1942,1942-06-22,1942-06-22,True
August 3 Meeting - 1942,August 3 1942,1942-08-03,1942-08-03,True
September 28-29 Meeting - 1942,September 28-29 1942,1942-09-28,1942-09-29,True
December 14 Meeting - 1942,December 14 1942,1942-12-14,1942-12-14,True
January 25-26 Meeting - 1943,January 25-26 1943,1943-01-25,1943-01-26,True
March 2 Meeting - 1943,March 2 1943,1943-03-02,1943-03-02,True
May 15 Meeting - 1943,May 15 1943,1943-05-15,1943-05-15,True
June 28 Meeting - 1943,June 28 1943,1943-06-28,1943-06-28,True
October 18 Meeting - 1943,October 18 1943,1943-10-18,1943-10-18,True
February 29 Meeting - 1944,February 29 1944,1944-02-29,1944-02-29,True
March 1 Meeting - 1944,March 1 1944,1944-03-01,1944-03-01,True
May 4 Meeting - 1944,May 4 1944,1944-05-04,1944-05-04,True
September 21-22 Meeting - 1944,September 21-22 1944,1944-09-21,1944-09-22,True
December 11 Meeting - 1944,December 11 1944,1944-12-11,1944-12-11,True
February 28 Meeting - 1945,February 28 1945,1945-02-28,1945-02-28,True
March 1 Meeting - 1945,March 1 1945,1945-03-01,1945-03-01,True
June 20 Meeting - 1945,June 20 1945,1945-06-20,1945-06-20,True
October 17 Meeting - 1945,October 17 1945,1945-10-17,1945-10-17,True
February 28 Meeting - 1946,February 28 1946,1946-02-28,1946-02-28,True
March 1 Meeting - 1946,March 1 1946,1946-03-01,1946-03-01,True
June 10 Meeting - 1946,June 10 1946,1946-06-10,1946-06-10,True
October 3 Meeting - 1946,October 3 1946,1946-10-03,1946-10-03,True
February 27-28 Meeting - 1947,February 27-28 1947,1947-02-27,1947-02-28,True
March 1 Meeting - 1947,March 1 1947,1947-03-01,1947-03-01,True
June 5-6 Meeting - 1947,June 5-6 1947,1947-06-05,1947-06-06,True
October 6-7 Meeting - 1947,October 6-7 1947,1947-10-06,1947-10-07,True
December 9 Meeting - 1947,December 9 1947,1947-12-09,1947-12-09,True
February 27 Meeting - 1948,February 27 1948,1948-02-27,1948-02-27,True
March 1 Meeting - 1948,March 1 1948,1948-03-01,1948-03-01,True
May 20 Meeting - 1948,May 20 1948,1948-05-20,1948-05-20,True
October 4 Meeting - 1948,October 4 1948,1948-10-04,1948-10-04,True
November 15 Meeting - 1948,November 15 1948,1948-11-15,1948-11-15,True
November 30 Meeting - 1948,November 30 1948,1948-11-30,1948-11-30,True
February 28 Meeting - 1949,February 28 1949,1949-02-28,1949-02-28,True
March 1 Meeting - 1949,March 1 1949,1949-03-01,1949-03-01,True
May 3 Meeting - 1949,May 3 1949,1949-05-03,1949-05-03,True
June 28 Meeting - 1949,June 28 1949,1949-06-28,1949-06-28,True
August 5 Meeting - 1949,August 5 1949,1949-08-05,1949-08-05,True
December 13 Meeting - 1949,December 13 1949,1949-12-13,1949-12-13,True
February 28 Meeting - 1950,February 28 1950,1950-02-28,1950-02-28,True
March 1 Meeting - 1950,March 1 1950,1950-03-01,1950-03-01,True
June 13-14 Meeting - 1950,June 13-14 1950,1950-06-13,1950-06-14,True
August 18 Meeting - 1950,August 18 1950,1950-08-18,1950-08-18,True
September 28 Meeting - 1950,September 28 1950,1950-09-28,1950-09-28,True
October 11 Meeting - 1950,October 11 1950,1950-10-11,1950-10-11,True
October 30 Meeting - 1950,October 30 1950,1950-10-30,1950-10-30,True
November 27 Meeting - 1950,November 27 1950,1950-11-27,1950-11-27,True
January 31 Meeting - 1951,January 31 1951,1951-01-31,1951-01-31,True
February 6-8 Meeting - 1951,February 6-8 1951,1951-02-06,1951-02-08,True
March 1-2 Meeting - 1951,March 1-2 1951,1951-03-01,1951-03-02,True
March 8 Meeting - 1951,March 8 1951,1951-03-08,1951-03-08,True
May 17 Meeting - 1951,May 17 1951,1951-05-17,1951-05-17,True
October 4 Meeting - 1951,October 4 1951,1951-10-04,1951-10-04,True
November 14 Meeting - 1951,November 14 1951,1951-11-14,1951-11-14,True
February 29 Meeting - 1952,February 29 1952,1952-02-29,1952-02-29,True
March 1 Meeting - 1952,March 1 1952,1952-03-01,1952-03-01,True
June 19 Meeting - 1952,June 19 1952,1952-06-19,1952-06-19,True
September 25 Meeting - 1952,September 25 1952,1952-09-25,1952-09-25,True
December 8 Meeting - 1952,December 8 1952,1952-12-08,1952-12-08,True
March 4-5 Meeting - 1953,March 4-5 1953,1953-03-04,1953-03-05,True
June 11 Meeting - 1953,June 11 1953,1953-06-11,1953-06-11,True
September 24 Meeting - 1953,September 24 1953,1953-09-24,1953-09-24,True
December 15 Meeting - 1953,December 15 1953,1953-12-15,1953-12-15,True
March 3 Meeting - 1954,March 3 1954,1954-03-03,1954-03-03,True
June 23 Meeting - 1954,June 23 1954,1954-06-23,1954-06-23,True
September 22 Meeting - 1954,September 22 1954,1954-09-22,1954-09-22,True
December 7 Meeting - 1954,December 7 1954,1954-12-07,1954-12-07,True
January 11 Meeting - 1955,January 11 1955,1955-01-11,1955-01-11,True
March 2 Meeting - 1955,March 2 1955,1955-03-02,1955-03-02,True
May 10 Meeting - 1955,May 10 1955,1955-05-10,1955-05-10,True
June 22 Meeting - 1955,June 22 1955,1955-06-22,1955-06-22,True
July 12 Meeting - 1955,July 12 1955,1955-07-12,1955-07-12,True
August 2 Meeting - 1955,August 2 1955,1955-08-02,1955-08-02,True
August 23 Meeting - 1955,August 23 1955,1955-08-23,1955-08-23,True
September 14 Meeting - 1955,September 14 1955,1955-09-14,1955-09-14,True
October 4 Meeting - 1955,October 4 1955,1955-10-04,1955-10-04,True
October 25 Meeting - 1955,October 25 1955,1955-10-25,1955-10-25,True
November 16 Meeting - 1955,November 16 1955,1955-11-16,1955-11-16,True
December 13 Meeting - 1955,December 13 1955,1955-12-13,1955-12-13,True
January 10 Meeting - 1956,January 10 1956,1956-01-10,1956-01-10,True
January 24 Meeting - 1956,January 24 1956,1956-01-24,1956-01-24,True
February 15 Meeting - 1956,February 15 1956,1956-02-15,1956-02-15,True
March 6 Meeting - 1956,March 6 1956,1956-03-06,1956-03-06,True
March 27 Meeting - 1956,March 27 1956,1956-03-27,1956-03-27,True
April 17 Meeting - 1956,April 17 1956,1956-04-17,1956-04-17,True
April 18 Meeting - 1956,April 18 1956,1956-04-18,1956-04-18,True
May 9 Meeting - 1956,May 9 1956,1956-05-09,1956-05-09,True
May 23 Meeting - 1956,May 23 1956,1956-05-23,1956-05-23,True
June 5 Meeting - 1956,June 5 1956,1956-06-05,1956-06-05,True
June 26 Meeting - 1956,June 26 1956,1956-06-26,1956-06-26,True
July 17 Meeting - 1956,July 17 1956,1956-07-17,1956-07-17,True
August 7 Meeting - 1956,August 7 1956,1956-08-07,1956-08-07,True
August 21 Meeting - 1956,August 21 1956,1956-08-21,1956-08-21,True
September 11 Meeting - 1956,September 11 1956,1956-09-11,1956-09-11,True
September 25 Meeting - 1956,September 25 1956,1956-09-25,1956-09-25,True
October 16 Meeting - 1956,October 16 1956,1956-10-16,1956-10-16,True
November 13 Meeting - 1956,November 13 1956,1956-11-13,1956-11-13,True
November 27 Meeting - 1956,November 27 1956,1956-11-27,1956-11-27,True
December 10 Meeting - 1956,December 10 1956,1956-12-10,1956-12-10,True
January 8 Meeting - 1957,January 8 1957,1957-01-08,1957-01-08,True
January 28 Meeting - 1957,January 28 1957,1957-01-28,1957-01-28,True
February 18 Meeting - 1957,February 18 1957,1957-02-18,1957-02-18,True
March 5 Meeting - 1957,March 5 1957,1957-03-05,1957-03-05,True
March 26 Meeting - 1957,March 26 1957,1957-03-26,1957-03-26,True
April 16 Meeting - 1957,April 16 1957,1957-04-16,1957-04-16,True
May 7 Meeting - 1957,May 7 1957,1957-05-07,1957-05-07,True
May 28 Meeting - 1957,May 28 1957,1957-05-28,1957-05-28,True
June 18 Meeting - 1957,June 18 1957,1957-06-18,1957-06-18,True
July 9 Meeting - 1957,July 9 1957,1957-07-09,1957-07-09,True
July 30 Meeting - 1957,July 30 1957,1957-07-30,1957-07-30,True
August 20 Meeting - 1957,August 20 1957,1957-08-20,1957-08-20,True
September 10 Meeting - 1957,September 10 1957,1957-09-10,1957-09-10,True
October 1 Meeting - 1957,October 1 1957,1957-10-01,1957-10-01,True
October 22 Meeting - 1957,October 22 1957,1957-10-22,1957-10-22,True
November 12 Meeting - 1957,November 12 1957,1957-11-12,1957-11-12,True
December 3 Meeting - 1957,December 3 1957,1957-12-03,1957-12-03,True
December 17 Meeting - 1957,December 17 1957,1957-12-17,1957-12-17,True
January 7 Meeting - 1958,January 7 1958,1958-01-07,1958-01-07,True
January 28 Meeting - 1958,January 28 1958,1958-01-28,1958-01-28,True
February 11 Meeting - 1958,February 11 1958,1958-02-11,1958-02-11,True
March 4 Meeting - 1958,March 4 1958,1958-03-04,1958-03-04,True
March 25 Meeting - 1958,March 25 1958,1958-03-25,1958-03-25,True
April 15 Meeting - 1958,April 15 1958,1958-04-15,1958-04-15,True
May 6 Meeting - 1958,May 6 1958,1958-05-06,1958-05-06,True
May 27 Meeting - 1958,May 27 1958,1958-05-27,1958-05-27,True
June 17 Meeting - 1958,June 17 1958,1958-06-17,1958-06-17,True
July 8 Meeting - 1958,July 8 1958,1958-07-08,1958-07-08,True
July 29 Meeting - 1958,July 29 1958,1958-07-29,1958-07-29,True
August 19 Meeting - 1958,August 19 1958,1958-08-19,1958-08-19,True
September 9 Meeting - 1958,September 9 1958,1958-09-09,1958-09-09,True
September 30 Meeting - 1958,September 30 1958,1958-09-30,1958-09-30,True
October 21 Meeting - 1958,October 21 1958,1958-10-21,1958-10-21,True
November 10 Meeting - 1958,November 10 1958,1958-11-10,1958-11-10,True
December 2 Meeting - 1958,December 2 1958,1958-12-02,1958-12-02,True
December 16 Meeting - 1958,December 16 1958,1958-12-16,1958-12-16,True
January 6 Meeting - 1959,January 6 1959,1959-01-06,1959-01-06,True
January 27 Meeting - 1959,January 27 1959,1959-01-27,1959-01-27,True
February 10 Meeting - 1959,February 10 1959,1959-02-10,1959-02-10,True
March 3 Meeting - 1959,March 3 1959,1959-03-03,1959-03-03,True
March 24 Meeting - 1959,March 24 1959,1959-03-24,1959-03-24,True
April 14 Meeting - 1959,April 14 1959,1959-04-14,1959-04-14,True
May 5 Meeting - 1959,May 5 1959,1959-05-05,1959-05-05,True
May 26 Meeting - 1959,May 26 1959,1959-05-26,1959-05-26,True
June 16 Meeting - 1959,June 16 1959,1959-06-16,1959-06-16,True
July 7 Meeting - 1959,July 7 1959,1959-07-07,1959-07-07,True
July 28 Meeting - 1959,July 28 1959,1959-07-28,1959-07-28,True
August 18 Meeting - 1959,August 18 1959,1959-08-18,1959-08-18,True
September 1 Meeting - 1959,September 1 1959,1959-09-01,1959-09-01,True
September 22 Meeting - 1959,September 22 1959,1959-09-22,1959-09-22,True
October 13 Meeting - 1959,October 13 1959,1959-10-13,1959-10-13,True
November 4 Meeting - 1959,November 4 1959,1959-11-04,1959-11-04,True
November 24 Meeting - 1959,November 24 1959,1959-11-24,1959-11-24,True
December 15 Meeting - 1959,December 15 1959,1959-12-15,1959-12-15,True
January 12 Meeting - 1960,January 12 1960,1960-01-12,1960-01-12,True
January 26 Meeting - 1960,January 26 1960,1960-01-26,1960-01-26,True
February 9 Meeting - 1960,February 9 1960,1960-02-09,1960-02-09,True
March 1 Meeting - 1960,March 1 1960,1960-03-01,1960-03-01,True
March 22 Meeting - 1960,March 22 1960,1960-03-22,1960-03-22,True
April 12 Meeting - 1960,April 12 1960,1960-04-12,1960-04-12,True
May 3 Meeting - 1960,May 3 1960,1960-05-03,1960-05-03,True
May 24 Meeting - 1960,May 24 1960,1960-05-24,1960-05-24,True
June 14 Meeting - 1960,June 14 1960,1960-06-14,1960-06-14,True
July 6 Meeting - 1960,July 6 1960,1960-07-06,1960-07-06,True
July 26 Meeting - 1960,July 26 1960,1960-07-26,1960-07-26,True
August 16 Meeting - 1960,August 16 1960,1960-08-16,1960-08-16,True
September 13 Meeting - 1960,September 13 1960,1960-09-13,1960-09-13,True
October 4 Meeting - 1960,October 4 1960,1960-10-04,1960-10-04,True
October 25 Meeting - 1960,October 25 1960,1960-10-25,1960-10-25,True
November 22 Meeting - 1960,November 22 1960,1960-11-22,1960-11-22,True
December 13 Meeting - 1960,December 13 1960,1960-12-13,1960-12-13,True
January 10 Meeting - 1961,January 10 1961,1961-01-10,1961-01-10,True
January 24 Meeting - 1961,January 24 1961,1961-01-24,1961-01-24,True
February 7 Meeting - 1961,February 7 1961,1961-02-07,1961-02-07,True
March 7 Meeting - 1961,March 7 1961,1961-03-07,1961-03-07,True
March 28 Meeting - 1961,March 28 1961,1961-03-28,1961-03-28,True
April 18 Meeting - 1961,April 18 1961,1961-04-18,1961-04-18,True
May 9 Meeting - 1961,May 9 1961,1961-05-09,1961-05-09,True
June 6 Meeting - 1961,June 6 1961,1961-06-06,1961-06-06,True
June 20 Meeting - 1961,June 20 1961,1961-06-20,1961-06-20,True
July 11 Meeting - 1961,July 11 1961,1961-07-11,1961-07-11,True
August 1 Meeting - 1961,August 1 1961,1961-08-01,1961-08-01,True
August 22 Meeting - 1961,August 22 1961,1961-08-22,1961-08-22,True
September 12 Meeting - 1961,September 12 1961,1961-09-12,1961-09-12,True
October 3 Meeting - 1961,October 3 1961,1961-10-03,1961-10-03,True
October 24 Meeting - 1961,October 24 1961,1961-10-24,1961-10-24,True
November 14 Meeting - 1961,November 14 1961,1961-11-14,1961-11-14,True
December 5 Meeting - 1961,December 5 1961,1961-12-05,1961-12-05,True
December 19 Meeting - 1961,December 19 1961,1961-12-19,1961-12-19,True
January 9 Meeting - 1962,January 9 1962,1962-01-09,1962-01-09,True
January 23 Meeting - 1962,January 23 1962,1962-01-23,1962-01-23,True
February 13 Meeting - 1962,February 13 1962,1962-02-13,1962-02-13,True
March 6 Meeting - 1962,March 6 1962,1962-03-06,1962-03-06,True
March 27 Meeting - 1962,March 27 1962,1962-03-27,1962-03-27,True
April 17 Meeting - 1962,April 17 1962,1962-04-17,1962-04-17,True
May 8 Meeting - 1962,May 8 1962,1962-05-08,1962-05-08,True
May 29 Meeting - 1962,May 29 1962,1962-05-29,1962-05-29,True
June 19 Meeting - 1962,June 19 1962,1962-06-19,1962-06-19,True
July 10 Meeting - 1962,July 10 1962,1962-07-10,1962-07-10,True
July 31 Meeting - 1962,July 31 1962,1962-07-31,1962-07-31,True
August 21 Meeting - 1962,August 21 1962,1962-08-21,1962-08-21,True
September 11 Meeting - 1962,September 11 1962,1962-09-11,1962-09-11,True
October 2 Meeting - 1962,October 2 1962,1962-10-02,1962-10-02,True
October 23 Meeting - 1962,October 23 1962,1962-10-23,1962-10-23,True
November 13 Meeting - 1962,November 13 1962,1962-11-13,1962-11-13,True
December 4 Meeting - 1962,December 4 1962,1962-12-04,1962-12-04,True
December 18 Meeting - 1962,December 18 1962,1962-12-18,1962-12-18,True
January 8 Meeting - 1963,January 8 1963,1963-01-08,1963-01-08,True
January 29 Meeting - 1963,January 29 1963,1963-01-29,1963-01-29,True
February 12 Meeting - 1963,February 12 1963,1963-02-12,1963-02-12,True
March 5 Meeting - 1963,March 5 1963,1963-03-05,1963-03-05,True
March 26 Meeting - 1963,March 26 1963,1963-03-26,1963-03-26,True
April 16 Meeting - 1963,April 16 1963,1963-04-16,1963-04-16,True
May 7 Meeting - 1963,May 7 1963,1963-05-07,1963-05-07,True
May 28 Meeting - 1963,May 28 1963,1963-05-28,1963-05-28,True
June 18 Meeting - 1963,June 18 1963,1963-06-18,1963-06-18,True
July 9 Meeting - 1963,July 9 1963,1963-07-09,1963-07-09,True
July 30 Meeting - 1963,July 30 1963,1963-07-30,1963-07-30,True
August 20 Meeting - 1963,August 20 1963,1963-08-20,1963-08-20,True
September 10 Meeting - 1963,September 10 1963,1963-09-10,1963-09-10,True
October 1 Meeting - 1963,October 1 1963,1963-10-01,1963-10-01,True
October 22 Meeting - 1963,October 22 1963,1963-10-22,1963-10-22,True
November 12 Meeting - 1963,November 12 1963,1963-11-12,1963-11-12,True
December 3 Meeting - 1963,December 3 1963,1963-12-03,1963-12-03,True
December 17 Meeting - 1963,December 17 1963,1963-12-17,1963-12-17,True
January 7 Meeting - 1964,January 7 1964,1964-01-07,1964-01-07,True
January 28 Meeting - 1964,January 28 1964,1964-01-28,1964-01-28,True
February 11 Meeting - 1964,February 11 1964,1964-02-11,1964-02-11,True
March 3 Meeting - 1964,March 3 1964,1964-03-03,1964-03-03,True
March 24 Meeting - 1964,March 24 1964,1964-03-24,1964-03-24,True
April 14 Meeting - 1964,April 14 1964,1964-04-14,1964-04-14,True
May 5 Meeting - 1964,May 5 1964,1964-05-05,1964-05-05,True
May 26 Meeting - 1964,May 26 1964,1964-05-26,1964-05-26,True
June 17 Meeting - 1964,June 17 1964,1964-06-17,1964-06-17,True
July 7 Meeting - 1964,July 7 1964,1964-07-07,1964-07-07,True
July 28 Meeting - 1964,July 28 1964,1964-07-28,1964-07-28,True
August 18 Meeting - 1964,August 18 1964,1964-08-18,1964-08-18,True
September 8 Meeting - 1964,September 8 1964,1964-09-08,1964-09-08,True
September 29 Meeting - 1964,September 29 1964,1964-09-29,1964-09-29,True
October 20 Meeting - 1964,October 20 1964,1964-10-20,1964-10-20,True
November 10 Meeting - 1964,November 10 1964,1964-11-10,1964-11-10,True
December 1 Meeting - 1964,December 1 1964,1964-12-01,1964-12-01,True
December 15 Meeting - 1964,December 15 1964,1964-12-15,1964-12-15,True
January 12 Meeting - 1965,January 12 1965,1965-01-12,1965-01-12,True
February 2 Meeting - 1965,February 2 1965,1965-02-02,1965-02-02,True
March 2 Meeting - 1965,March 2 1965,1965-03-02,1965-03-02,True
March 23 Meeting - 1965,March 23 1965,1965-03-23,1965-03-23,True
April 13 Meeting - 1965,April 13 1965,1965-04-13,1965-04-13,True
May 11 Meeting - 1965,May 11 1965,1965-05-11,1965-05-11,True
May 25 Meeting - 1965,May 25 1965,1965-05-25,1965-05-25,True
June 15 Meeting - 1965,June 15 1965,1965-06-15,1965-06-15,True
July 13 Meeting - 1965,July 13 1965,1965-07-13,1965-07-13,True
August 10 Meeting - 1965,August 10 1965,1965-08-10,1965-08-10,True
August 31 Meeting - 1965,August 31 1965,1965-08-31,1965-08-31,True
September 28 Meeting - 1965,September 28 1965,1965-09-28,1965-09-28,True
October 12 Meeting - 1965,October 12 1965,1965-10-12,1965-10-12,True
November 2 Meeting - 1965,November 2 1965,1965-11-02,1965-11-02,True
November 23 Meeting - 1965,November 23 1965,1965-11-23,1965-11-23,True
December 14 Meeting - 1965,December 14 1965,1965-12-14,1965-12-14,True
January 11 Meeting - 1966,January 11 1966,1966-01-11,1966-01-11,True
February 8 Meeting - 1966,February 8 1966,1966-02-08,1966-02-08,True
March 1 Meeting - 1966,March 1 1966,1966-03-01,1966-03-01,True
March 22 Meeting - 1966,March 22 1966,1966-03-22,1966-03-22,True
April 12 Meeting - 1966,April 12 1966,1966-04-12,1966-04-12,True
May 10 Meeting - 1966,May 10 1966,1966-05-10,1966-05-10,True
June 7 Meeting - 1966,June 7 1966,1966-06-07,1966-06-07,True
June 28 Meeting - 1966,June 28 1966,1966-06-28,1966-06-28,True
July 26 Meeting - 1966,July 26 1966,1966-07-26,1966-07-26,True
August 23 Meeting - 1966,August 23 1966,1966-08-23,1966-08-23,True
September 13 Meeting - 1966,September 13 1966,1966-09-13,1966-09-13,True
October 4 Meeting - 1966,October 4 1966,1966-10-04,1966-10-04,True
November 1 Meeting - 1966,November 1 1966,1966-11-01,1966-11-01,True
November 22 Meeting - 1966,November 22 1966,1966-11-22,1966-11-22,True
December 13 Meeting - 1966,December 13 1966,1966-12-13,1966-12-13,True
January 10 Meeting - 1967,January 10 1967,1967-01-10,1967-01-10,True
February 7 Meeting - 1967,February 7 1967,1967-02-07,1967-02-07,True
March 7 Meeting - 1967,March 7 1967,1967-03-07,1967-03-07,True
April 4 Meeting - 1967,April 4 1967,1967-04-04,1967-04-04,True
May 2 Meeting - 1967,May 2 1967,1967-05-02,1967-05-02,True
May 23 Meeting - 1967,May 23 1967,1967-05-23,1967-05-23,True
June 20 Meeting - 1967,June 20 1967,1967-06-20,1967-06-20,True
July 18 Meeting - 1967,July 18 1967,1967-07-18,1967-07-18,True
August 15 Meeting - 1967,August 15 1967,1967-08-15,1967-08-15,True
September 12 Meeting - 1967,September 12 1967,1967-09-12,1967-09-12,True
October 3 Meeting - 1967,October 3 1967,1967-10-03,1967-10-03,True
October 24 Meeting - 1967,October 24 1967,1967-10-24,1967-10-24,True
November 14 Meeting - 1967,November 14 1967,1967-11-14,1967-11-14,True
November 27 Meeting - 1967,November 27 1967,1967-11-27,1967-11-27,True
December 12 Meeting - 1967,December 12 1967,1967-12-12,1967-12-12,True
January 9 Meeting - 1968,January 9 1968,1968-01-09,1968-01-09,True
February 6 Meeting - 1968,February 6 1968,1968-02-06,1968-02-06,True
March 5 Meeting - 1968,March 5 1968,1968-03-05,1968-03-05,True
April 2 Meeting - 1968,April 2 1968,1968-04-02,1968-04-02,True
April 30 Meeting - 1968,April 30 1968,1968-04-30,1968-04-30,True
May 28 Meeting - 1968,May 28 1968,1968-05-28,1968-05-28,True
June 18 Meeting - 1968,June 18 1968,1968-06-18,1968-06-18,True
July 16 Meeting - 1968,July 16 1968,1968-07-16,1968-07-16,True
August 13 Meeting - 1968,August 13 1968,1968-08-13,1968-08-13,True
September 10 Meeting - 1968,September 10 1968,1968-09-10,1968-09-10,True
October 8 Meeting - 1968,October 8 1968,1968-10-08,1968-10-08,True
October 29 Meeting - 1968,October 29 1968,1968-10-29,1968-10-29,True
November 26 Meeting - 1968,November 26 1968,1968-11-26,1968-11-26,True
December 17 Meeting - 1968,December 17 1968,1968-12-17,1968-12-17,True
January 14 Meeting - 1969,January 14 1969,1969-01-14,1969-01-14,True
February 4 Meeting - 1969,February 4 1969,1969-02-04,1969-02-04,True
March 4 Meeting - 1969,March 4 1969,1969-03-04,1969-03-04,True
April 1 Meeting - 1969,April 1 1969,1969-04-01,1969-04-01,True
April 29 Meeting - 1969,April 29 1969,1969-04-29,1969-04-29,True
May 27 Meeting - 1969,May 27 1969,1969-05-27,1969-05-27,True
June 24 Meeting - 1969,June 24 1969,1969-06-24,1969-06-24,True
July 15 Meeting - 1969,July 15 1969,1969-07-15,1969-07-15,True
August 12 Meeting - 1969,August 12 1969,1969-08-12,1969-08-12,True
September 9 Meeting - 1969,September 9 1969,1969-09-09,1969-09-09,True
October 7 Meeting - 1969,October 7 1969,1969-10-07,1969-10-07,True
October 28 Meeting - 1969,October 28 1969,1969-10-28,1969-10-28,True
November 25 Meeting - 1969,November 25 1969,1969-11-25,1969-11-25,True
December 16 Meeting - 1969,December 16 1969,1969-12-16,1969-12-16,True
January 15 Meeting - 1970,January 15 1970,1970-01-15,1970-01-15,True
February 10 Meeting - 1970,February 10 1970,1970-02-10,1970-02-10,True
March 10 Meeting - 1970,March 10 1970,1970-03-10,1970-03-10,True
April 7 Meeting - 1970,April 7 1970,1970-04-07,1970-04-07,True
May 5 Meeting - 1970,May 5 1970,1970-05-05,1970-05-05,True
May 26 Meeting - 1970,May 26 1970,1970-05-26,1970-05-26,True
June 23 Meeting - 1970,June 23 1970,1970-06-23,1970-06-23,True
July 21 Meeting - 1970,July 21 1970,1970-07-21,1970-07-21,True
August 18 Meeting - 1970,August 18 1970,1970-08-18,1970-08-18,True
September 15 Meeting - 1970,September 15 1970,1970-09-15,1970-09-15,True
October 20 Meeting - 1970,October 20 1970,1970-10-20,1970-10-20,True
November 17 Meeting - 1970,November 17 1970,1970-11-17,1970-11-17,True
December 15 Meeting - 1970,December 15 1970,1970-12-15,1970-12-15,True
January 12 Meeting - 1971,January 12 1971,1971-01-12,1971-01-12,True
February 9 Meeting - 1971,February 9 1971,1971-02-09,1971-02-09,True
March 9 Meeting - 1971,March 9 1971,1971-03-09,1971-03-09,True
April 6 Meeting - 1971,April 6 1971,1971-04-06,1971-04-06,True
May 11 Meeting - 1971,May 11 1971,1971-05-11,1971-05-11,True
June 8 Meeting - 1971,June 8 1971,1971-06-08,1971-06-08,True
June 29 Meeting - 1971,June 29 1971,1971-06-29,1971-06-29,True
July 27 Meeting - 1971,July 27 1971,1971-07-27,1971-07-27,True
August 24 Meeting - 1971,August 24 1971,1971-08-24,1971-08-24,True
September 21 Meeting - 1971,September 21 1971,1971-09-21,1971-09-21,True
October 19 Meeting - 1971,October 19 1971,1971-10-19,1971-10-19,True
November 16 Meeting - 1971,November 16 1971,1971-11-16,1971-11-16,True
December 14 Meeting - 1971,December 14 1971,1971-12-14,1971-12-14,True
January 11 Meeting - 1972,January 11 1972,1972-01-11,1972-01-11,True
February 14 Meeting - 1972,February 14 1972,1972-02-14,1972-02-14,True
February 15 Meeting - 1972,February 15 1972,1972-02-15,1972-02-15,True
March 21 Meeting - 1972,March 21 1972,1972-03-21,1972-03-21,True
April 17 Meeting - 1972,April 17 1972,1972-04-17,1972-04-17,True
April 18 Meeting - 1972,April 18 1972,1972-04-18,1972-04-18,True
May 23 Meeting - 1972,May 23 1972,1972-05-23,1972-05-23,True
June 19-20 Meeting - 1972,June 19-20 1972,1972-06-19,1972-06-20,True
July 18 Meeting - 1972,July 18 1972,1972-07-18,1972-07-18,True
August 15 Meeting - 1972,August 15 1972,1972-08-15,1972-08-15,True
September 19 Meeting - 1972,September 19 1972,1972-09-19,1972-09-19,True
October 17 Meeting - 1972,October 17 1972,1972-10-17,1972-10-17,True
November 20-21 Meeting - 1972,November 20-21 1972,1972-11-20,1972-11-21,True
December 19 Meeting - 1972,December 19 1972,1972-12-19,1972-12-19,True
January 16 Meeting - 1973,January 16 1973,1973-01-16,1973-01-16,True
February 13 Meeting - 1973,February 13 1973,1973-02-13,1973-02-13,True
March 19-20 Meeting - 1973,March 19-20 1973,1973-03-19,1973-03-20,True
April 17 Meeting - 1973,April 17 1973,1973-04-17,1973-04-17,True
May 15 Meeting - 1973,May 15 1973,1973-05-15,1973-05-15,True
June 18-19 Meeting - 1973,June 18-19 1973,1973-06-18,1973-06-19,True
July 17 Meeting - 1973,July 17 1973,1973-07-17,1973-07-17,True
August 21 Meeting - 1973,August 21 1973,1973-08-21,1973-08-21,True
September 18 Meeting - 1973,September 18 1973,1973-09-18,1973-09-18,True
October 16 Meeting - 1973,October 16 1973,1973-10-16,1973-10-16,True
November 19-20 Meeting - 1973,November 19-20 1973,1973-11-19,1973-11-20,True
December 17-18 Meeting - 1973,December 17-18 1973,1973-12-17,1973-12-18,True
January 21-22 Meeting - 1974,January 21-22 1974,1974-01-21,1974-01-22,True
February 20 Meeting - 1974,February 20 1974,1974-02-20,1974-02-20,True
March 18-19 Meeting - 1974,March 18-19 1974,1974-03-18,1974-03-19,True
April 15-16 Meeting - 1974,April 15-16 1974,1974-04-15,1974-04-16,True
May 21 Meeting - 1974,May 21 1974,1974-05-21,1974-05-21,True
June 18 Meeting - 1974,June 18 1974,1974-06-18,1974-06-18,True
July 16 Meeting - 1974,July 16 1974,1974-07-16,1974-07-16,True
August 20 Meeting - 1974,August 20 1974,1974-08-20,1974-08-20,True
September 10 Meeting - 1974,September 10 1974,1974-09-10,1974-09-10,True
October 14-15 Meeting - 1974,October 14-15 1974,1974-10-14,1974-10-15,True
November 19 Meeting - 1974,November 19 1974,1974-11-19,1974-11-19,True
December 16-17 Meeting - 1974,December 16-17 1974,1974-12-16,1974-12-17,True
January 20-21 Meeting - 1975,January 20-21 1975,1975-01-20,1975-01-21,True
February 19 Meeting - 1975,February 19 1975,1975-02-19,1975-02-19,True
March 18 Meeting - 1975,March 18 1975,1975-03-18,1975-03-18,True
April 14-15 Meeting - 1975,April 14-15 1975,1975-04-14,1975-04-15,True
May 20 Meeting - 1975,May 20 1975,1975-05-20,1975-05-20,True
June 16-17 Meeting - 1975,June 16-17 1975,1975-06-16,1975-06-17,True
July 15 Meeting - 1975,July 15 1975,1975-07-15,1975-07-15,True
August 19 Meeting - 1975,August 19 1975,1975-08-19,1975-08-19,True
September 16 Meeting - 1975,September 16 1975,1975-09-16,1975-09-16,True
October 21 Meeting - 1975,October 21 1975,1975-10-21,1975-10-21,True
November 18 Meeting - 1975,November 18 1975,1975-11-18,1975-11-18,True
December 16 Meeting - 1975,December 16 1975,1975-12-16,1975-12-16,True
January 20 Meeting - 1976,January 20 1976,1976-01-20,1976-01-20,True
February 17-18 Meeting - 1976,February 17-18 1976,1976-02-17,1976-02-18,True
March 15-16 Meeting - 1976,March 15-16 1976,1976-03-15,1976-03-16,True
March 29 Meeting - 1976,March 29 1976,1976-03-29,1976-03-29,True
April 20 Meeting - 1976,April 20 1976,1976-04-20,1976-04-20,True
May 18 Meeting - 1976,May 18 1976,1976-05-18,1976-05-18,True
June 22 Meeting - 1976,June 22 1976,1976-06-22,1976-06-22,True
July 19-20 Meeting - 1976,July 19-20 1976,1976-07-19,1976-07-20,True
August 17 Meeting - 1976,August 17 1976,1976-08-17,1976-08-17,True
September 21 Meeting - 1976,September 21 1976,1976-09-21,1976-09-21,True
October 19 Meeting - 1976,October 19 1976,1976-10-19,1976-10-19,True
November 16 Meeting - 1976,November 16 1976,1976-11-16,1976-11-16,True
December 20-21 Meeting - 1976,December 20-21 1976,1976-12-20,1976-12-21,True
January 17-18 Meeting - 1977,January 17-18 1977,1977-01-17,1977-01-18,True
February 15 Meeting - 1977,February 15 1977,1977-02-15,1977-02-15,True
March 15 Meeting - 1977,March 15 1977,1977-03-15,1977-03-15,True
April 19 Meeting - 1977,April 19 1977,1977-04-19,1977-04-19,True
May 17 Meeting - 1977,May 17 1977,1977-05-17,1977-05-17,True
June 21 Meeting - 1977,June 21 1977,1977-06-21,1977-06-21,True
July 19 Meeting - 1977,July 19 1977,1977-07-19,1977-07-19,True
August 16 Meeting - 1977,August 16 1977,1977-08-16,1977-08-16,True
September 20 Meeting - 1977,September 20 1977,1977-09-20,1977-09-20,True
October 17-18 Meeting - 1977,October 17-18 1977,1977-10-17,1977-10-18,True
November 15 Meeting - 1977,November 15 1977,1977-11-15,1977-11-15,True
December 19-20 Meeting - 1977,December 19-20 1977,1977-12-19,1977-12-20,True
January 17 Meeting - 1978,January 17 1978,1978-01-17,1978-01-17,True
February 28 Meeting - 1978,February 28 1978,1978-02-28,1978-02-28,True
March 21 Meeting - 1978,March 21 1978,1978-03-21,1978-03-21,True
April 18 Meeting - 1978,April 18 1978,1978-04-18,1978-04-18,True
May 16 Meeting - 1978,May 16 1978,1978-05-16,1978-05-16,True
June 20 Meeting - 1978,June 20 1978,1978-06-20,1978-06-20,True
July 18 Meeting - 1978,July 18 1978,1978-07-18,1978-07-18,True
August 15 Meeting - 1978,August 15 1978,1978-08-15,1978-08-15,True
September 19 Meeting - 1978,September 19 1978,1978-09-19,1978-09-19,True
October 17 Meeting - 1978,October 17 1978,1978-10-17,1978-10-17,True
November 21 Meeting - 1978,November 21 1978,1978-11-21,1978-11-21,True
December 19 Meeting - 1978,December 19 1978,1978-12-19,1978-12-19,True
February 6 Meeting - 1979,February 6 1979,1979-02-06,1979-02-06,True
March 20 Meeting - 1979,March 20 1979,1979-03-20,1979-03-20,True
April 17 Meeting - 1979,April 17 1979,1979-04-17,1979-04-17,True
May 22 Meeting - 1979,May 22 1979,1979-05-22,1979-05-22,True
July 11 Meeting - 1979,July 11 1979,1979-07-11,1979-07-11,True
August 14 Meeting - 1979,August 14 1979,1979-08-14,1979-08-14,True
September 18 Meeting - 1979,September 18 1979,1979-09-18,1979-09-18,True
October 6 Meeting - 1979,October 6 1979,1979-10-06,1979-10-06,True
November 20 Meeting - 1979,November 20 1979,1979-11-20,1979-11-20,True
January 8-9 Meeting - 1980,January 8-9 1980,1980-01-08,1980-01-09,True
February 4-5 Meeting - 1980,February 4-5 1980,1980-02-04,1980-02-05,True
March 18 Meeting - 1980,March 18 1980,1980-03-18,1980-03-18,True
April 22 Meeting - 1980,April 22 1980,1980-04-22,1980-04-22,True
May 20 Meeting - 1980,May 20 1980,1980-05-20,1980-05-20,True
July 9 Meeting - 1980,July 9 1980,1980-07-09,1980-07-09,True
August 12 Meeting - 1980,August 12 1980,1980-08-12,1980-08-12,True
September 16 Meeting - 1980,September 16 1980,1980-09-16,1980-09-16,True
October 21 Meeting - 1980,October 21 1980,1980-10-21,1980-10-21,True
November 18 Meeting - 1980,November 18 1980,1980-11-18,1980-11-18,True
December 18-19 Meeting - 1980,December 18-19 1980,1980-12-18,1980-12-19,True
February 2-3 Meeting - 1981,February 2-3 1981,1981-02-02,1981-02-03,True
March 31 Meeting - 1981,March 31 1981,1981-03-31,1981-03-31,True
May 18 Meeting - 1981,May 18 1981,1981-05-18,1981-05-18,True
July 6-7 Meeting - 1981,July 6-7 1981,1981-07-06,1981-07-07,True
August 18 Meeting - 1981,August 18 1981,1981-08-18,1981-08-18,True
October 5-6 Meeting - 1981,October 5-6 1981,1981-10-05,1981-10-06,True
November 17 Meeting - 1981,November 17 1981,1981-11-17,1981-11-17,True
December 21-22 Meeting - 1981,December 21-22 1981,1981-12-21,1981-12-22,True
February 1-2 Meeting - 1982,February 1-2 1982,1982-02-01,1982-02-02,True
March 29-30 Meeting - 1982,March 29-30 1982,1982-03-29,1982-03-30,True
May 18 Meeting - 1982,May 18 1982,1982-05-18,1982-05-18,True
August 24 Meeting - 1982,August 24 1982,1982-08-24,1982-08-24,True
October 5 Meeting - 1982,October 5 1982,1982-10-05,1982-10-05,True
November 16 Meeting - 1982,November 16 1982,1982-11-16,1982-11-16,True
December 20-21 Meeting - 1982,December 20-21 1982,1982-12-20,1982-12-21,True
February 8-9 Meeting - 1983,February 8-9 1983,1983-02-08,1983-02-09,True
March 28-29 Meeting - 1983,March 28-29 1983,1983-03-28,1983-03-29,True
May 24 Meeting - 1983,May 24 1983,1983-05-24,1983-05-24,True
July 12-13 Meeting - 1983,July 12-13 1983,1983-07-12,1983-07-13,True
August 23 Meeting - 1983,August 23 1983,1983-08-23,1983-08-23,True
October 4 Meeting - 1983,October 4 1983,1983-10-04,1983-10-04,True
November 14-15 Meeting - 1983,November 14-15 1983,1983-11-14,1983-11-15,True
December 19-20 Meeting - 1983,December 19-20 1983,1983-12-19,1983-12-20,True
January 30-31 Meeting - 1984,January 30-31 1984,1984-01-30,1984-01-31,True
March 26-27 Meeting - 1984,March 26-27 1984,1984-03-26,1984-03-27,True
May 21-22 Meeting - 1984,May 21-22 1984,1984-05-21,1984-05-22,True
July 16-17 Meeting - 1984,July 16-17 1984,1984-07-16,1984-07-17,True
August 21 Meeting - 1984,August 21 1984,1984-08-21,1984-08-21,True
October 2 Meeting - 1984,October 2 1984,1984-10-02,1984-10-02,True
November 7 Meeting - 1984,November 7 1984,1984-11-07,1984-11-07,True
December 17-18 Meeting - 1984,December 17-18 1984,1984-12-17,1984-12-18,True
February 12-13 Meeting - 1985,February 12-13 1985,1985-02-12,1985-02-13,True
March 26 Meeting - 1985,March 26 1985,1985-03-26,1985-03-26,True
May 21 Meeting - 1985,May 21 1985,1985-05-21,1985-05-21,True
July 9-10 Meeting - 1985,July 9-10 1985,1985-07-09,1985-07-10,True
August 20 Meeting - 1985,August 20 1985,1985-08-20,1985-08-20,True
October 1 Meeting - 1985,October 1 1985,1985-10-01,1985-10-01,True
November 4-5 Meeting - 1985,November 4-5 1985,1985-11-04,1985-11-05,True
December 16-17 Meeting - 1985,December 16-17 1985,1985-12-16,1985-12-17,True
February 11-12 Meeting - 1986,February 11-12 1986,1986-02-11,1986-02-12,True
April 1 Meeting - 1986,April 1 1986,1986-04-01,1986-04-01,True
May 20 Meeting - 1986,May 20 1986,1986-05-20,1986-05-20,True
July 8-9 Meeting - 1986,July 8-9 1986,1986-07-08,1986-07-09,True
August 19 Meeting - 1986,August 19 1986,1986-08-19,1986-08-19,True
September 23 Meeting - 1986,September 23 1986,1986-09-23,1986-09-23,True
November 5 Meeting - 1986,November 5 1986,1986-11-05,1986-11-05,True
December 15-16 Meeting - 1986,December 15-16 1986,1986-12-15,1986-12-16,True
February 10-11 Meeting - 1987,February 10-11 1987,1987-02-10,1987-02-11,True
March 31 Meeting - 1987,March 31 1987,1987-03-31,1987-03-31,True
May 19 Meeting - 1987,May 19 1987,1987-05-19,1987-05-19,True
July 7 Meeting - 1987,July 7 1987,1987-07-07,1987-07-07,True
August 18 Meeting - 1987,August 18 1987,1987-08-18,1987-08-18,True
September 22 Meeting - 1987,September 22 1987,1987-09-22,1987-09-22,True
November 3 Meeting - 1987,November 3 1987,1987-11-03,1987-11-03,True
December 15-16 Meeting - 1987,December 15-16 1987,1987-12-15,1987-12-16,True
February 9-10 Meeting - 1988,February 9-10 1988,1988-02-09,1988-02-10,True
March 29 Meeting - 1988,March 29 1988,1988-03-29,1988-03-29,True
May 17 Meeting - 1988,May 17 1988,1988-05-17,1988-05-17,True
June 29-30 Meeting - 1988,June 29-30 1988,1988-06-29,1988-06-30,True
August 16 Meeting - 1988,August 16 1988,1988-08-16,1988-08-16,True
September 20 Meeting - 1988,September 20 1988,1988-09-20,1988-09-20,True
November 1 Meeting - 1988,November 1 1988,1988-11-01,1988-11-01,True
December 13-14 Meeting - 1988,December 13-14 1988,1988-12-13,1988-12-14,True
February 7-8 Meeting - 1989,February 7-8 1989,1989-02-07,1989-02-08,True
March 28 Meeting - 1989,March 28 1989,1989-03-28,1989-03-28,True
May 16 Meeting - 1989,May 16 1989,1989-05-16,1989-05-16,True
July 5-6 Meeting - 1989,July 5-6 1989,1989-07-05,1989-07-06,True
August 22 Meeting - 1989,August 22 1989,1989-08-22,1989-08-22,True
October 3 Meeting - 1989,October 3 1989,1989-10-03,1989-10-03,True
November 14 Meeting - 1989,November 14 1989,1989-11-14,1989-11-14,True
December 18-19 Meeting - 1989,December 18-19 1989,1989-12-18,1989-12-19,True
February 6-7 Meeting - 1990,February 6-7 1990,1990-02-06,1990-02-07,True
March 27 Meeting - 1990,March 27 1990,1990-03-27,1990-03-27,True
May 15 Meeting - 1990,May 15 1990,1990-05-15,1990-05-15,True
July 2-3 Meeting - 1990,July 2-3 1990,1990-07-02,1990-07-03,True
August 21 Meeting - 1990,August 21 1990,1990-08-21,1990-08-21,True
October 2 Meeting - 1990,October 2 1990,1990-10-02,1990-10-02,True
November 13 Meeting - 1990,November 13 1990,1990-11-13,1990-11-13,True
December 18 Meeting - 1990,December 18 1990,1990-12-18,1990-12-18,True
February 5-6 Meeting - 1991,February 5-6 1991,1991-02-05,1991-02-06,True
March 26 Meeting - 1991,March 26 1991,1991-03-26,1991-03-26,True
May 14 Meeting - 1991,May 14 1991,1991-05-14,1991-05-14,True
July 2-3 Meeting - 1991,July 2-3 1991,1991-07-02,1991-07-03,True
August 20 Meeting - 1991,August 20 1991,1991-08-20,1991-08-20,True
October 1 Meeting - 1991,October 1 1991,1991-10-01,1991-10-01,True
November 5 Meeting - 1991,November 5 1991,1991-11-05,1991-11-05,True
December 17 Meeting - 1991,December 17 1991,1991-12-17,1991-12-17,True
February 4-5 Meeting - 1992,February 4-5 1992,1992-02-04,1992-02-05,True
March 31 Meeting - 1992,March 31 1992,1992-03-31,1992-03-31,True
May 19 Meeting - 1992,May 19 1992,1992-05-19,1992-05-19,True
August 18 Meeting - 1992,August 18 1992,1992-08-18,1992-08-18,True
October 6 Meeting - 1992,October 6 1992,1992-10-06,1992-10-06,True
November 17 Meeting - 1992,November 17 1992,1992-11-17,1992-11-17,True
December 22 Meeting - 1992,December 22 1992,1992-12-22,1992-12-22,True
February 2-3 Meeting - 1993,February 2-3 1993,1993-02-02,1993-02-03,True
March 23 Meeting - 1993,March 23 1993,1993-03-23,1993-03-23,True
May 18 Meeting - 1993,May 18 1993,1993-05-18,1993-05-18,True
July 6-7 Meeting - 1993,July 6-7 1993,1993-07-06,1993-07-07,True
August 17 Meeting - 1993,August 17 1993,1993-08-17,1993-08-17,True
September 21 Meeting - 1993,September 21 1993,1993-09-21,1993-09-21,True
November 16 Meeting - 1993,November 16 1993,1993-11-16,1993-11-16,True
December 21 Meeting - 1993,December 21 1993,1993-12-21,1993-12-21,True
February 3-4 Meeting - 1994,February 3-4 1994,1994-02-03,1994-02-04,True
March 22 Meeting - 1994,March 22 1994,1994-03-22,1994-03-22,True
May 17 Meeting - 1994,May 17 1994,1994-05-17,1994-05-17,True
July 5-6 Meeting - 1994,July 5-6 1994,1994-07-05,1994-07-06,True
August 16 Meeting - 1994,August 16 1994,1994-08-16,1994-08-16,True
September 27 Meeting - 1994,September 27 1994,1994-09-27,1994-09-27,True
November 15 Meeting - 1994,November 15 1994,1994-11-15,1994-11-15,True
December 20 Meeting - 1994,December 20 1994,1994-12-20,1994-12-20,True
March 28 Meeting - 1995,March 28 1995,1995-03-28,1995-03-28,True
May 23 Meeting - 1995,May 23 1995,1995-05-23,1995-05-23,True
July 5-6 Meeting - 1995,July 5-6 1995,1995-07-05,1995-07-06,True
August 22 Meeting - 1995,August 22 1995,1995-08-22,1995-08-22,True
September 26 Meeting - 1995,September 26 1995,1995-09-26,1995-09-26,True
November 15 Meeting - 1995,November 15 1995,1995-11-15,1995-11-15,True
December 19 Meeting - 1995,December 19 1995,1995-12-19,1995-12-19,True
January 30-31 Meeting - 1996,January 30-31 1996,1996-01-30,1996-01-31,True
March 26 Meeting - 1996,March 26 1996,1996-03-26,1996-03-26,True
May 21 Meeting - 1996,May 21 1996,1996-05-21,1996-05-21,True
July 2-3 Meeting - 1996,July 2-3 1996,1996-07-02,1996-07-03,True
August 20 Meeting - 1996,August 20 1996,1996-08-20,1996-08-20,True
September 24 Meeting - 1996,September 24 1996,1996-09-24,1996-09-24,True
November 13 Meeting - 1996,November 13 1996,1996-11-13,1996-11-13,True
December 17 Meeting - 1996,December 17 1996,1996-12-17,1996-12-17,True
February 4-5 Meeting - 1997,February 4-5 1997,1997-02-04,1997-02-05,True
March 25 Meeting - 1997,March 25 1997,1997-03-25,1997-03-25,True
May 20 Meeting - 1997,May 20 1997,1997-05-20,1997-05-20,True
July 1-2 Meeting - 1997,July 1-2 1997,1997-07-01,1997-07-02,True
August 19 Meeting - 1997,August 19 1997,1997-08-19,1997-08-19,True
September 30 Meeting - 1997,September 30 1997,1997-09-30,1997-09-30,True
November 12 Meeting - 1997,November 12 1997,1997-11-12,1997-11-12,True
December 16 Meeting - 1997,December 16 1997,1997-12-16,1997-12-16,True
February 3-4 Meeting - 1998,February 3-4 1998,1998-02-03,1998-02-04,True
March 31 Meeting - 1998,March 31 1998,1998-03-31,1998-03-31,True
May 19 Meeting - 1998,May 19 1998,1998-05-19,1998-05-19,True
August 18 Meeting - 1998,August 18 1998,1998-08-18,1998-08-18,True
September 29 Meeting - 1998,September 29 1998,1998-09-29,1998-09-29,True
November 17 Meeting - 1998,November 17 1998,1998-11-17,1998-11-17,True
December 22 Meeting - 1998,December 22 1998,1998-12-22,1998-12-22,True
February 2-3 Meeting - 1999,February 2-3 1999,1999-02-02,1999-02-03,True
March 30 Meeting - 1999,March 30 1999,1999-03-30,1999-03-30,True
May 18 Meeting - 1999,May 18 1999,1999-05-18,1999-05-18,True
June 29-30 Meeting - 1999,June 29-30 1999,1999-06-29,1999-06-30,True
August 24 Meeting - 1999,August 24 1999,1999-08-24,1999-08-24,True
October 5 Meeting - 1999,October 5 1999,1999-10-05,1999-10-05,True
November 16 Meeting - 1999,November 16 1999,1999-11-16,1999-11-16,True
December 21 Meeting - 1999,December 21 1999,1999-12-21,1999-12-21,True
February 1-2 Meeting - 2000,February 1-2 2000,2000-02-01,2000-02-02,True
March 21 Meeting - 2000,March 21 2000,2000-03-21,2000-03-21,True
May 16 Meeting - 2000,May 16 2000,2000-05-16,2000-05-16,True
June 27-28 Meeting - 2000,June 27-28 2000,2000-06-27,2000-06-28,True
August 22 Meeting - 2000,August 22 2000,2000-08-22,2000-08-22,True
October 3 Meeting - 2000,October 3 2000,2000-10-03,2000-10-03,True
November 15 Meeting - 2000,November 15 2000,2000-11-15,2000-11-15,True
December 19 Meeting - 2000,December 19 2000,2000-12-19,2000-12-19,True
January 30-31 Meeting - 2001,January 30-31 2001,2001-01-30,2001-01-31,True
March 20 Meeting - 2001,March 20 2001,2001-03-20,2001-03-20,True
May 15 Meeting - 2001,May 15 2001,2001-05-15,2001-05-15,True
June 26-27 Meeting - 2001,June 26-27 2001,2001-06-26,2001-06-27,True
August 21 Meeting - 2001,August 21 2001,2001-08-21,2001-08-21,True
October 2 Meeting - 2001,October 2 2001,2001-10-02,2001-10-02,True
November 6 Meeting - 2001,November 6 2001,2001-11-06,2001-11-06,True
December 11 Meeting - 2001,December 11 2001,2001-12-11,2001-12-11,True
January 29-30 Meeting - 2002,January 29-30 2002,2002-01-29,2002-01-30,True
March 19 Meeting - 2002,March 19 2002,2002-03-19,2002-03-19,True
May 7 Meeting - 2002,May 7 2002,2002-05-07,2002-05-07,True
June 25-26 Meeting - 2002,June 25-26 2002,2002-06-25,2002-06-26,True
August 13 Meeting - 2002,August 13 2002,2002-08-13,2002-08-13,True
September 24 Meeting - 2002,September 24 2002,2002-09-24,2002-09-24,True
November 6 Meeting - 2002,November 6 2002,2002-11-06,2002-11-06,True
December 10 Meeting - 2002,December 10 2002,2002-12-10,2002-12-10,True
January 28-29 Meeting - 2003,January 28-29 2003,2003-01-28,2003-01-29,True
March 18 Meeting - 2003,March 18 2003,2003-03-18,2003-03-18,True
May 6 Meeting - 2003,May 6 2003,2003-05-06,2003-05-06,True
June 24-25 Meeting - 2003,June 24-25 2003,2003-06-24,2003-06-25,True
August 12 Meeting - 2003,August 12 2003,2003-08-12,2003-08-12,True
September 15 Meeting - 2003,September 15 2003,2003-09-15,2003-09-15,True
September 16 Meeting - 2003,September 16 2003,2003-09-16,2003-09-16,True
October 28 Meeting - 2003,October 28 2003,2003-10-28,2003-10-28,True
December 9 Meeting - 2003,December 9 2003,2003-12-09,2003-12-09,True
January 27-28 Meeting - 2004,January 27-28 2004,2004-01-27,2004-01-28,True
March 16 Meeting - 2004,March 16 2004,2004-03-16,2004-03-16,True
May 4 Meeting - 2004,May 4 2004,2004-05-04,2004-05-04,True
June 29-30 Meeting - 2004,June 29-30 2004,2004-06-29,2004-06-30,True
August 10 Meeting - 2004,August 10 2004,2004-08-10,2004-08-10,True
September 21 Meeting - 2004,September 21 2004,2004-09-21,2004-09-21,True
November 10 Meeting - 2004,November 10 2004,2004-11-10,2004-11-10,True
December 14 Meeting - 2004,December 14 2004,2004-12-14,2004-12-14,True
February 1-2 Meeting - 2005,February 1-2 2005,2005-02-01,2005-02-02,True
March 22 Meeting - 2005,March 22 2005,2005-03-22,2005-03-22,True
May 3 Meeting - 2005,May 3 2005,2005-05-03,2005-05-03,True
June 29-30 Meeting - 2005,June 29-30 2005,2005-06-29,2005-06-30,True
August 9 Meeting - 2005,August 9 2005,2005-08-09,2005-08-09,True
September 20 Meeting - 2005,September 20 2005,2005-09-20,2005-09-20,True
November 1 Meeting - 2005,November 1 2005,2005-11-01,2005-11-01,True
December 13 Meeting - 2005,December 13 2005,2005-12-13,2005-12-13,True
January 31 Meeting - 2006,January 31 2006,2006-01-31,2006-01-31,True
March 27-28 Meeting - 2006,March 27-28 2006,2006-03-27,2006-03-28,True
May 10 Meeting - 2006,May 10 2006,2006-05-10,2006-05-10,True
June 28-29 Meeting - 2006,June 28-29 2006,2006-06-28,2006-06-29,True
August 8 Meeting - 2006,August 8 2006,2006-08-08,2006-08-08,True
September 20 Meeting - 2006,September 20 2006,2006-09-20,2006-09-20,True
October 24-25 Meeting - 2006,October 24-25 2006,2006-10-24,2006-10-25,True
December 12 Meeting - 2006,December 12 2006,2006-12-12,2006-12-12,True
January 30-31 Meeting - 2007,January 30-31 2007,2007-01-30,2007-01-31,True
March 20-21 Meeting - 2007,March 20-21 2007,2007-03-20,2007-03-21,True
May 9 Meeting - 2007,May 9 2007,2007-05-09,2007-05-09,True
June 27-28 Meeting - 2007,June 27-28 2007,2007-06-27,2007-06-28,True
August 7 Meeting - 2007,August 7 2007,2007-08-07,2007-08-07,True
September 18 Meeting - 2007,September 18 2007,2007-09-18,2007-09-18,True
October 30-31 Meeting - 2007,October 30-31 2007,2007-10-30,2007-10-31,True
December 11 Meeting - 2007,December 11 2007,2007-12-11,2007-12-11,True
January 29-30 Meeting - 2008,January 29-30 2008,2008-01-29,2008-01-30,True
March 18 Meeting - 2008,March 18 2008,2008-03-18,2008-03-18,True
April 29-30 Meeting - 2008,April 29-30 2008,2008-04-29,2008-04-30,True
June 24-25 Meeting - 2008,June 24-25 2008,2008-06-24,2008-06-25,True
August 5 Meeting - 2008,August 5 2008,2008-08-05,2008-08-05,True
September 16 Meeting - 2008,September 16 2008,2008-09-16,2008-09-16,True
October 28-29 Meeting - 2008,October 28-29 2008,2008-10-28,2008-10-29,True
December 15-16 Meeting - 2008,December 15-16 2008,2008-12-15,2008-12-16,True
January 27-28 Meeting - 2009,January 27-28 2009,2009-01-27,2009-01-28,True
March 17-18 Meeting - 2009,March 17-18 2009,2009-03-17,2009-03-18,True
April 28-29 Meeting - 2009,April 28-29 2009,2009-04-28,2009-04-29,True
June 23-24 Meeting - 2009,June 23-24 2009,2009-06-23,2009-06-24,True
August 11-12 Meeting - 2009,August 11-12 2009,2009-08-11,2009-08-12,True
September 22-23 Meeting - 2009,September 22-23 2009,2009-09-22,2009-09-23,True
November 3-4 Meeting - 2009,November 3-4 2009,2009-11-03,2009-11-04,True
December 15-16 Meeting - 2009,December 15-16 2009,2009-12-15,2009-12-16,True
January 26-27 Meeting - 2010,January 26-27 2010,2010-01-26,2010-01-27,True
March 16 Meeting - 2010,March 16 2010,2010-03-16,2010-03-16,True
April 27-28 Meeting - 2010,April 27-28 2010,2010-04-27,2010-04-28,True
June 22-23 Meeting - 2010,June 22-23 2010,2010-06-22,2010-06-23,True
August 10 Meeting - 2010,August 10 2010,2010-08-10,2010-08-10,True
September 21 Meeting - 2010,September 21 2010,2010-09-21,2010-09-21,True
November 2-3 Meeting - 2010,November 2-3 2010,2010-11-02,2010-11-03,True
December 14 Meeting - 2010,December 14 2010,2010-12-14,2010-12-14,True
January 25-26 Meeting - 2011,January 25-26 2011,2011-01-25,2011-01-26,True
March 15 Meeting - 2011,March 15 2011,2011-03-15,2011-03-15,True
April 26-27 Meeting - 2011,April 26-27 2011,2011-04-26,2011-04-27,True
June 21-22 Meeting - 2011,June 21-22 2011,2011-06-21,2011-06-22,True
August 9 Meeting - 2011,August 9 2011,2011-08-09,2011-08-09,True
September 20-21 Meeting - 2011,September 20-21 2011,2011-09-20,2011-09-21,True
November 1-2 Meeting - 2011,November 1-2 2011,2011-11-01,2011-11-02,True
December 13 Meeting - 2011,December 13 2011,2011-12-13,2011-12-13,True
January 24-25 Meeting - 2012,January 24-25 2012,2012-01-24,2012-01-25,True
March 13 Meeting - 2012,March 13 2012,2012-03-13,2012-03-13,True
April 24-25 Meeting - 2012,April 24-25 2012,2012-04-24,2012-04-25,True
June 19-20 Meeting - 2012,June 19-20 2012,2012-06-19,2012-06-20,True
September 12-13 Meeting - 2012,September 12-13 2012,2012-09-12,2012-09-13,True
October 23-24 Meeting - 2012,October 23-24 2012,2012-10-23,2012-10-24,True
December 11-12 Meeting - 2012,December 11-12 2012,2012-12-11,2012-12-12,True
January 29-30 Meeting - 2013,January 29-30 2013,2013-01-29,2013-01-30,True
March 19-20 Meeting - 2013,March 19-20 2013,2013-03-19,2013-03-20,True
April/May 30-1 Meeting - 2013,April/May 30-1 2013,2013-04-30,2013-05-01,True
June 18-19 Meeting - 2013,June 18-19 2013,2013-06-18,2013-06-19,True
July 30-31 Meeting - 2013,July 30-31 2013,2013-07-30,2013-07-31,True
September 17-18 Meeting - 2013,September 17-18 2013,2013-09-17,2013-09-18,True
October 29-30 Meeting - 2013,October 29-30 2013,2013-10-29,2013-10-30,True
December 17-18 Meeting - 2013,December 17-18 2013,2013-12-17,2013-12-18,True
January 28-29 Meeting - 2014,January 28-29 2014,2014-01-28,2014-01-29,True
March 18-19 Meeting - 2014,March 18-19 2014,2014-03-18,2014-03-19,True
April 29-30 Meeting - 2014,April 29-30 2014,2014-04-29,2014-04-30,True
June 17-18 Meeting - 2014,June 17-18 2014,2014-06-17,2014-06-18,True
July 29-30 Meeting - 2014,July 29-30 2014,2014-07-29,2014-07-30,True
September 16-17 Meeting - 2014,September 16-17 2014,2014-09-16,2014-09-17,True
October 28-29 Meeting - 2014,October 28-29 2014,2014-10-28,2014-10-29,True
December 16-17 Meeting - 2014,December 16-17 2014,2014-12-16,2014-12-17,True
January 27-28 Meeting - 2015,January 27-28 2015,2015-01-27,2015-01-28,True
March 17-18 Meeting - 2015,March 17-18 2015,2015-03-17,2015-03-18,True
April 28-29 Meeting - 2015,April 28-29 2015,2015-04-28,2015-04-29,True
June 16-17 Meeting - 2015,June 16-17 2015,2015-06-16,2015-06-17,True
July 28-29 Meeting - 2015,July 28-29 2015,2015-07-28,2015-07-29,True
September 16-17 Meeting - 2015,September 16-17 2015,2015-09-16,2015-09-17,True
October 27-28 Meeting - 2015,October 27-28 2015,2015-10-27,2015-10-28,True
December 15-16 Meeting - 2015,December 15-16 2015,2015-12-15,2015-12-16,True
January 26-27 Meeting - 2016,January 26-27 2016,2016-01-26,2016-01-27,True
March 15-16 Meeting - 2016,March 15-16 2016,2016-03-15,2016-03-16,True
April 26-27 Meeting - 2016,April 26-27 2016,2016-04-26,2016-04-27,True
June 14-15 Meeting - 2016,June 14-15 2016,2016-06-14,2016-06-15,True
July 26-27 Meeting - 2016,July 26-27 2016,2016-07-26,2016-07-27,True
September 20-21 Meeting - 2016,September 20-21 2016,2016-09-20,2016-09-21,True
November 1-2 Meeting - 2016,November 1-2 2016,2016-11-01,2016-11-02,True
December 13-14 Meeting - 2016,December 13-14 2016,2016-12-13,2016-12-14,True
Jan/Feb 31-1 Meeting - 2017,Jan/Feb 31-1 2017,2017-01-31,2017-02-01,True
March 14-15 Meeting - 2017,March 14-15 2017,2017-03-14,2017-03-15,True
May 2-3 Meeting - 2017,May 2-3 2017,2017-05-02,2017-05-03,True
June 13-14 Meeting - 2017,June 13-14 2017,2017-06-13,2017-06-14,True
July 25-26 Meeting - 2017,July 25-26 2017,2017-07-25,2017-07-26,True
September 19-20 Meeting - 2017,September 19-20 2017,2017-09-19,2017-09-20,True
Oct/Nov 31-1 Meeting - 2017,Oct/Nov 31-1 2017,2017-10-31,2017-11-01,True
December 12-13 Meeting - 2017,December 12-13 2017,2017-12-12,2017-12-13,True
January 30-31 Meeting - 2018,January 30-31 2018,2018-01-30,2018-01-31,True
March 20-21 Meeting - 2018,March 20-21 2018,2018-03-20,2018-03-21,True
May 1-2 Meeting - 2018,May 1-2 2018,2018-05-01,2018-05-02,True
June 12-13 Meeting - 2018,June 12-13 2018,2018-06-12,2018-06-13,True
Jul/Aug 31-1 Meeting - 2018,Jul/Aug 31-1 2018,2018-07-31,2018-08-01,True
September 25-26 Meeting - 2018,September 25-26 2018,2018-09-25,2018-09-26,True
November 7-8 Meeting - 2018,November 7-8 2018,2018-11-07,2018-11-08,True
December 18-19 Meeting - 2018,December 18-19 2018,2018-12-18,2018-12-19,True
January 29-30 Meeting - 2019,January 29-30 2019,2019-01-29,2019-01-30,True
March 19-20 Meeting - 2019,March 19-20 2019,2019-03-19,2019-03-20,True
April/May 30-1 Meeting - 2019,April/May 30-1 2019,2019-04-30,2019-05-01,True
June 18-19 Meeting - 2019,June 18-19 2019,2019-06-18,2019-06-19,True
July 30-31 Meeting - 2019,July 30-31 2019,2019-07-30,2019-07-31,True
September 17-18 Meeting - 2019,September 17-18 2019,2019-09-17,2019-09-18,True
October 29-30 Meeting - 2019,October 29-30 2019,2019-10-29,2019-10-30,True
December 10-11 Meeting - 2019,December 10-11 2019,2019-12-10,2019-12-11,True
2025 FOMC Meetings,28 January 2025 - 29 January 2025,2025-01-28,2025-01-29,True
2025 FOMC Meetings,18 March 2025 - 19 March 2025,2025-03-18,2025-03-19,True
2025 FOMC Meetings,6 May 2025 - 7 May 2025,2025-05-06,2025-05-07,True
2025 FOMC Meetings,17 June 2025 - 18 June 2025,2025-06-17,2025-06-18,True
2025 FOMC Meetings,29 July 2025 - 30 July 2025,2025-07-29,2025-07-30,True
2025 FOMC Meetings,16 September 2025 - 17 September 2025,2025-09-16,2025-09-17,True
2025 FOMC Meetings,28 October 2025 - 29 October 2025,2025-10-28,2025-10-29,True
2025 FOMC Meetings,9 December 2025 - 10 December 2025,2025-12-09,2025-12-10,True
2024 FOMC Meetings,30 January 2024 - 31 January 2024,2024-01-30,2024-01-31,True
2024 FOMC Meetings,19 March 2024 - 20 March 2024,2024-03-19,2024-03-20,True
2024 FOMC Meetings,30 Apr 2024 - 1 May 2024,2024-04-30,2024-05-01,True
2024 FOMC Meetings,11 June 2024 - 12 June 2024,2024-06-11,2024-06-12,True
2024 FOMC Meetings,30 July 2024 - 31 July 2024,2024-07-30,2024-07-31,True
2024 FOMC Meetings,17 September 2024 - 18 September 2024,2024-09-17,2024-09-18,True
2024 FOMC Meetings,6 November 2024 - 7 November 2024,2024-11-06,2024-11-07,True
2024 FOMC Meetings,17 December 2024 - 18 December 2024,2024-12-17,2024-12-18,True
2023 FOMC Meetings,31 Jan 2023 - 1 Feb 2023,2023-01-31,2023-02-01,True
2023 FOMC Meetings,21 March 2023 - 22 March 2023,2023-03-21,2023-03-22,True
2023 FOMC Meetings,2 May 2023 - 3 May 2023,2023-05-02,2023-05-03,True
2023 FOMC Meetings,13 June 2023 - 14 June 2023,2023-06-13,2023-06-14,True
2023 FOMC Meetings,25 July 2023 - 26 July 2023,2023-07-25,2023-07-26,True
2023 FOMC Meetings,19 September 2023 - 20 September 2023,2023-09-19,2023-09-20,True
2023 FOMC Meetings,31 Oct 2023 - 1 Nov 2023,2023-10-31,2023-11-01,True
2023 FOMC Meetings,12 December 2023 - 13 December 2023,2023-12-12,2023-12-13,True
2022 FOMC Meetings,25 January 2022 - 26 January 2022,2022-01-25,2022-01-26,True
2022 FOMC Meetings,15 March 2022 - 16 March 2022,2022-03-15,2022-03-16,True
2022 FOMC Meetings,3 May 2022 - 4 May 2022,2022-05-03,2022-05-04,True
2022 FOMC Meetings,14 June 2022 - 15 June 2022,2022-06-14,2022-06-15,True
2022 FOMC Meetings,26 July 2022 - 27 July 2022,2022-07-26,2022-07-27,True
2022 FOMC Meetings,20 September 2022 - 21 September 2022,2022-09-20,2022-09-21,True
2022 FOMC Meetings,1 November 2022 - 2 November 2022,2022-11-01,2022-11-02,True
2022 FOMC Meetings,13 December 2022 - 14 December 2022,2022-12-13,2022-12-14,True
2021 FOMC Meetings,26 January 2021 - 27 January 2021,2021-01-26,2021-01-27,True
2021 FOMC Meetings,16 March 2021 - 17 March 2021,2021-03-16,2021-03-17,True
2021 FOMC Meetings,27 April 2021 - 28 April 2021,2021-04-27,2021-04-28,True
2021 FOMC Meetings,15 June 2021 - 16 June 2021,2021-06-15,2021-06-16,True
2021 FOMC Meetings,27 July 2021 - 28 July 2021,2021-07-27,2021-07-28,True
2021 FOMC Meetings,21 September 2021 - 22 September 2021,2021-09-21,2021-09-22,True
2021 FOMC Meetings,2 November 2021 - 3 November 2021,2021-11-02,2021-11-03,True
2021 FOMC Meetings,14 December 2021 - 15 December 2021,2021-12-14,2021-12-15,True
2020 FOMC Meetings,28 January 2020 - 29 January 2020,2020-01-28,2020-01-29,True
2020 FOMC Meetings,3 March 2020 - 3 March 2020,2020-03-03,2020-03-03,False
2020 FOMC Meetings,15 March 2020 - 15 March 2020,2020-03-15,2020-03-15,False
2020 FOMC Meetings,28 April 2020 - 29 April 2020,2020-04-28,2020-04-29,True
2020 FOMC Meetings,9 June 2020 - 10 June 2020,2020-06-09,2020-06-10,True
2020 FOMC Meetings,28 July 2020 - 29 July 2020,2020-07-28,2020-07-29,True
2020 FOMC Meetings,15 September 2020 - 16 September 2020,2020-09-15,2020-09-16,True
2020 FOMC Meetings,4 November 2020 - 5 November 2020,2020-11-04,2020-11-05,True
2020 FOMC Meetings,15 December 2020 - 16 December 2020,2020-12-15,2020-12-16,True
2026 FOMC Meetings,27 January 2026 - 28 January 2026,2026-01-27,2026-01-28,True
2026 FOMC Meetings,17 March 2026 - 18 March 2026,2026-03-17,2026-03-18,True
2026 FOMC Meetings,28 April 2026 - 29 April 2026,2026-04-28,2026-04-29,True
2026 FOMC Meetings,16 June 2026 - 17 June 2026,2026-06-16,2026-06-17,True
2026 FOMC Meetings,28 July 2026 - 29 July 2026,2026-07-28,2026-07-29,True
2026 FOMC Meetings,15 September 2026 - 16 September 2026,2026-09-15,2026-09-16,True
2026 FOMC Meetings,27 October 2026 - 28 October 2026,2026-10-27,2026-10-28,True
2026 FOMC Meetings,8 December 2026 - 9 December 2026,2026-12-08,2026-12-09,True
